{
  "3d": {
    "MAPE": 3.558794,
    "MAE": 0.51529,
    "RMSE": 1.014361,
    "Accuracy": 0.311933,
    "Precision": 0.450843,
    "Recall": 0.439323,
    "F1": 0.291236
  },
  "5d": {
    "MAPE": 3.506425,
    "MAE": 0.550641,
    "RMSE": 0.902645,
    "Accuracy": 0.358992,
    "Precision": 0.485496,
    "Recall": 0.430237,
    "F1": 0.321987
  },
  "7d": {
    "MAPE": 3.387309,
    "MAE": 0.602606,
    "RMSE": 1.067528,
    "Accuracy": 0.403697,
    "Precision": 0.415508,
    "Recall": 0.443867,
    "F1": 0.336266
  },
  "15d": {
    "MAPE": 2.058945,
    "MAE": 0.54329,
    "RMSE": 0.874209,
    "Accuracy": 0.58521,
    "Precision": 0.46405,
    "Recall": 0.452445,
    "F1": 0.415937
  },
  "30d": {
    "MAPE": 2.55183,
    "MAE": 0.334374,
    "RMSE": 0.520095,
    "Accuracy": 0.460504,
    "Precision": 0.442521,
    "Recall": 0.377091,
    "F1": 0.327233
  }
}