{
  "commodity": "garlic",
  "models_used": [
    "rf",
    "xgb",
    "ridge"
  ],
  "horizons": [
    3,
    7,
    30
  ],
  "metrics": {
    "3d_rf_mae": 13.124270140264287,
    "3d_xgb_mae": 12.901999628239068,
    "3d_ridge_mae": 13.218267065027055,
    "7d_rf_mae": 14.828448012946117,
    "7d_xgb_mae": 15.35184057140602,
    "7d_ridge_mae": 15.451038143989138,
    "30d_rf_mae": 18.331794338376852,
    "30d_xgb_mae": 18.00850704426073,
    "30d_ridge_mae": 19.250011697659094
  },
  "trained_on": "2026-05-03"
}