{"avg_mape": 4.997198481399516, "avg_rmse": 462.5877433408222, "wf_results": [{"window": 1, "mape": 5.765165772246212, "rmse": 470.65797968742874}, {"window": 2, "mape": 3.850667779508516, "rmse": 456.9177319630323}, {"window": 3, "mape": 5.375761892443817, "rmse": 460.1875183720055}], "baseline_improvement_avg": 28.359999999999996}