{
  "3d": {
    "MAPE": 3.553528,
    "MAE": 0.514792,
    "RMSE": 1.014158,
    "Accuracy": 0.312269,
    "Precision": 0.449253,
    "Recall": 0.440182,
    "F1": 0.291488
  },
  "5d": {
    "MAPE": 3.51511,
    "MAE": 0.551178,
    "RMSE": 0.902915,
    "Accuracy": 0.358992,
    "Precision": 0.48905,
    "Recall": 0.430428,
    "F1": 0.321588
  },
  "7d": {
    "MAPE": 3.389922,
    "MAE": 0.602782,
    "RMSE": 1.067576,
    "Accuracy": 0.404034,
    "Precision": 0.423245,
    "Recall": 0.444146,
    "F1": 0.337005
  },
  "15d": {
    "MAPE": 2.059632,
    "MAE": 0.543072,
    "RMSE": 0.874042,
    "Accuracy": 0.584538,
    "Precision": 0.459668,
    "Recall": 0.451326,
    "F1": 0.413994
  },
  "30d": {
    "MAPE": 2.556471,
    "MAE": 0.334764,
    "RMSE": 0.520563,
    "Accuracy": 0.461176,
    "Precision": 0.445986,
    "Recall": 0.379315,
    "F1": 0.331864
  }
}