{
  "commodity": "onion",
  "models_used": [
    "rf",
    "xgb",
    "ridge"
  ],
  "horizons": [
    3,
    7,
    30
  ],
  "metrics": {
    "3d_rf_mae": 8.378113217267778,
    "3d_xgb_mae": 8.289530139584711,
    "3d_ridge_mae": 7.944869686616723,
    "7d_rf_mae": 12.197551244516276,
    "7d_xgb_mae": 12.036788168318946,
    "7d_ridge_mae": 11.731816621831898,
    "30d_rf_mae": 18.743872584342572,
    "30d_xgb_mae": 18.358864488944658,
    "30d_ridge_mae": 17.602946230683962
  },
  "trained_on": "2026-05-03"
}