{"(0.8, 0.9]": 0.9453805000709083, "(0.9, 1.0]": 0.9466487586827572}