{"global_mape": 5.339009113638047, "global_direction_accuracy": 0.7317193675889329, "calibration_buckets": 2}