{
  "3d": {
    "MAPE": 3.387266,
    "MAE": 0.501055,
    "RMSE": 1.018949,
    "Accuracy": 0.350588,
    "Precision": 0.442623,
    "Recall": 0.472549,
    "F1": 0.33843
  },
  "5d": {
    "MAPE": 2.983156,
    "MAE": 0.509032,
    "RMSE": 0.899854,
    "Accuracy": 0.403361,
    "Precision": 0.471605,
    "Recall": 0.471354,
    "F1": 0.373231
  },
  "7d": {
    "MAPE": 3.058877,
    "MAE": 0.576972,
    "RMSE": 1.066566,
    "Accuracy": 0.437647,
    "Precision": 0.475884,
    "Recall": 0.474028,
    "F1": 0.374473
  },
  "15d": {
    "MAPE": 2.244473,
    "MAE": 0.549123,
    "RMSE": 0.885987,
    "Accuracy": 0.59563,
    "Precision": 0.474325,
    "Recall": 0.460493,
    "F1": 0.430793
  },
  "30d": {
    "MAPE": 2.533664,
    "MAE": 0.327607,
    "RMSE": 0.518765,
    "Accuracy": 0.481681,
    "Precision": 0.436077,
    "Recall": 0.413076,
    "F1": 0.402861
  }
}