{"(0.8, 0.9]": 0.9404862721215814, "(0.9, 1.0]": 0.9479839374970255}