{"global_mape": 5.223617744977654, "global_direction_accuracy": 0.7288990825688073, "calibration_buckets": 2}