{"avg_mape": 4.950110918177125, "avg_rmse": 86.98324088458084, "wf_results": [{"window": 1, "mape": 5.673801763161979, "rmse": 88.02477495971326}, {"window": 2, "mape": 3.8209641530952814, "rmse": 85.0141521930821}, {"window": 3, "mape": 5.355566838274113, "rmse": 87.91079550094717}], "baseline_improvement_avg": 27.082666666666665}