{
  "3d": {
    "MAPE": 2.708849,
    "MAE": 0.465988,
    "RMSE": 1.0206,
    "Accuracy": 0.373445,
    "Precision": 0.453721,
    "Recall": 0.491171,
    "F1": 0.362184
  },
  "5d": {
    "MAPE": 2.572832,
    "MAE": 0.486365,
    "RMSE": 0.904442,
    "Accuracy": 0.436975,
    "Precision": 0.482486,
    "Recall": 0.492315,
    "F1": 0.418214
  },
  "7d": {
    "MAPE": 2.684187,
    "MAE": 0.558025,
    "RMSE": 1.074221,
    "Accuracy": 0.440672,
    "Precision": 0.464591,
    "Recall": 0.472252,
    "F1": 0.380894
  },
  "15d": {
    "MAPE": 2.036447,
    "MAE": 0.520132,
    "RMSE": 0.865313,
    "Accuracy": 0.633277,
    "Precision": 0.519227,
    "Recall": 0.492987,
    "F1": 0.468497
  },
  "30d": {
    "MAPE": 1.838689,
    "MAE": 0.274741,
    "RMSE": 0.487137,
    "Accuracy": 0.498824,
    "Precision": 0.440499,
    "Recall": 0.425439,
    "F1": 0.420706
  }
}