{"avg_mape": 5.048003330813424, "avg_rmse": 346.42646947285675, "wf_results": [{"window": 1, "mape": 5.85611243537462, "rmse": 349.6388949734707}, {"window": 2, "mape": 3.9183751690532667, "rmse": 346.9097401078588}, {"window": 3, "mape": 5.369522388012387, "rmse": 342.73077333724086}], "baseline_improvement_avg": 27.22133333333333}