{"(0.8, 0.9]": 0.9439620273538116, "(0.9, 1.0]": 0.9470608946837066}