{"global_mape": 5.301718030628165, "global_direction_accuracy": 0.7306459001374256, "calibration_buckets": 2}