{"avg_mape": 5.076794622301949, "avg_rmse": 117.36736502184834, "wf_results": [{"window": 1, "mape": 5.880736855967004, "rmse": 121.17369975186583}, {"window": 2, "mape": 3.890338082976155, "rmse": 114.75681414883735}, {"window": 3, "mape": 5.45930892796269, "rmse": 116.17158116484187}], "baseline_improvement_avg": 27.852666666666668}