{
  "commodity": "potato",
  "models_used": [
    "rf",
    "xgb",
    "ridge"
  ],
  "horizons": [
    3,
    7,
    30
  ],
  "metrics": {
    "3d_rf_mae": 2.580468099426263,
    "3d_xgb_mae": 2.6362193979725093,
    "3d_ridge_mae": 2.3336946188513865,
    "7d_rf_mae": 5.227881646002136,
    "7d_xgb_mae": 4.855619898378262,
    "7d_ridge_mae": 4.05009023500672,
    "30d_rf_mae": 14.959599680143205,
    "30d_xgb_mae": 13.832295543342694,
    "30d_ridge_mae": 10.512154983964988
  },
  "trained_on": "2026-05-03"
}