{"(0.8, 0.9]": 0.9461689707738274, "(0.9, 1.0]": 0.9459500734514914}