{"global_mape": 5.404295595887151, "global_direction_accuracy": 0.752851711026616, "calibration_buckets": 2}