{
  "commodity": "tomato",
  "models_used": [
    "rf",
    "xgb",
    "ridge"
  ],
  "horizons": [
    3,
    7,
    30
  ],
  "metrics": {
    "3d_rf_mae": 12.417019499790127,
    "3d_xgb_mae": 12.479870075852174,
    "3d_ridge_mae": 12.512683143633677,
    "7d_rf_mae": 15.722535952864838,
    "7d_xgb_mae": 15.86300425270052,
    "7d_ridge_mae": 15.344414413082712,
    "30d_rf_mae": 18.470522236647035,
    "30d_xgb_mae": 17.77556540143321,
    "30d_ridge_mae": 19.266537913732197
  },
  "trained_on": "2026-05-03"
}