{
  "3d": {
    "MAPE": 2.788949,
    "MAE": 0.460459,
    "RMSE": 1.004321,
    "Accuracy": 0.397647,
    "Precision": 0.500568,
    "Recall": 0.524084,
    "F1": 0.388087
  },
  "5d": {
    "MAPE": 2.624098,
    "MAE": 0.488573,
    "RMSE": 0.898164,
    "Accuracy": 0.419496,
    "Precision": 0.488714,
    "Recall": 0.484088,
    "F1": 0.391942
  },
  "7d": {
    "MAPE": 2.790013,
    "MAE": 0.563571,
    "RMSE": 1.068529,
    "Accuracy": 0.449748,
    "Precision": 0.466257,
    "Recall": 0.483512,
    "F1": 0.390735
  },
  "15d": {
    "MAPE": 2.150981,
    "MAE": 0.526128,
    "RMSE": 0.860773,
    "Accuracy": 0.626555,
    "Precision": 0.511647,
    "Recall": 0.487217,
    "F1": 0.460983
  },
  "30d": {
    "MAPE": 2.447986,
    "MAE": 0.324827,
    "RMSE": 0.515122,
    "Accuracy": 0.478992,
    "Precision": 0.396678,
    "Recall": 0.389276,
    "F1": 0.36049
  }
}