{"avg_mape": 5.025885278831915, "avg_rmse": 105.98399337463154, "wf_results": [{"window": 1, "mape": 5.794557433909777, "rmse": 107.50675310218074}, {"window": 2, "mape": 3.9992102565848233, "rmse": 107.39425859538494}, {"window": 3, "mape": 5.283888146001144, "rmse": 103.05096842632895}], "baseline_improvement_avg": 27.185333333333332}