{
  "3d": {
    "MAPE": 3.348922,
    "MAE": 0.493196,
    "RMSE": 1.010776,
    "Accuracy": 0.356639,
    "Precision": 0.460783,
    "Recall": 0.489288,
    "F1": 0.338423
  },
  "5d": {
    "MAPE": 2.79516,
    "MAE": 0.497535,
    "RMSE": 0.892637,
    "Accuracy": 0.393613,
    "Precision": 0.447679,
    "Recall": 0.463437,
    "F1": 0.356816
  },
  "7d": {
    "MAPE": 2.810345,
    "MAE": 0.566861,
    "RMSE": 1.067302,
    "Accuracy": 0.432269,
    "Precision": 0.4538,
    "Recall": 0.467278,
    "F1": 0.370413
  },
  "15d": {
    "MAPE": 2.180017,
    "MAE": 0.536506,
    "RMSE": 0.869892,
    "Accuracy": 0.621176,
    "Precision": 0.478382,
    "Recall": 0.478244,
    "F1": 0.446207
  },
  "30d": {
    "MAPE": 2.064076,
    "MAE": 0.294762,
    "RMSE": 0.4962,
    "Accuracy": 0.467227,
    "Precision": 0.369336,
    "Recall": 0.375165,
    "F1": 0.344523
  }
}