{
  "commodity": "tomato",
  "mandi": "kolar",
  "feature_columns": [
    "mandi_id",
    "price_lag_1",
    "price_lag_7",
    "price_lag_14",
    "price_mean_7",
    "price_std_7",
    "price_mean_30",
    "price_std_30",
    "returns",
    "momentum_7d",
    "volatility_7d",
    "month",
    "day_of_week"
  ],
  "target_columns": [
    "target_3d",
    "target_5d",
    "target_7d",
    "target_15d",
    "target_30d"
  ],
  "weights_per_horizon": {
    "3d": {
      "sarima": 0.155629,
      "gradient_boosting": 0.143908,
      "random_forest": 0.139775,
      "xgboost": 0.116403,
      "lightgbm": 0.115085,
      "ridge": 0.109962,
      "linear_regression": 0.109701,
      "lasso": 0.109538
    },
    "5d": {
      "gradient_boosting": 0.144644,
      "random_forest": 0.141818,
      "sarima": 0.137595,
      "xgboost": 0.133139,
      "lightgbm": 0.124748,
      "lasso": 0.106132,
      "ridge": 0.106055,
      "linear_regression": 0.10587
    },
    "7d": {
      "gradient_boosting": 0.140624,
      "random_forest": 0.13529,
      "xgboost": 0.134311,
      "sarima": 0.132179,
      "lightgbm": 0.123398,
      "lasso": 0.111434,
      "ridge": 0.111417,
      "linear_regression": 0.111348
    },
    "15d": {
      "gradient_boosting": 0.133135,
      "lasso": 0.13168,
      "ridge": 0.131652,
      "linear_regression": 0.131636,
      "random_forest": 0.126045,
      "xgboost": 0.124367,
      "lightgbm": 0.120795,
      "sarima": 0.10069
    },
    "30d": {
      "sarima": 0.191463,
      "gradient_boosting": 0.146296,
      "xgboost": 0.130321,
      "random_forest": 0.109883,
      "lightgbm": 0.106168,
      "lasso": 0.105412,
      "ridge": 0.105236,
      "linear_regression": 0.10522
    }
  },
  "best_models_per_horizon": {
    "3d": "sarima",
    "5d": "gradient_boosting",
    "7d": "gradient_boosting",
    "15d": "gradient_boosting",
    "30d": "sarima"
  },
  "ensemble_prediction": {
    "3d": -0.041253487864,
    "5d": -0.046517812606,
    "7d": -0.008963401699000003,
    "15d": 0.07041238204200001,
    "30d": 0.043039702565999996
  },
  "stable_prediction": {
    "3d": -0.041253,
    "5d": -0.046518,
    "7d": -0.008963,
    "15d": 0.070412,
    "30d": 0.04304
  },
  "confidence": 0.260843,
  "training_timestamp": "2026-05-25T03:45:26.681062Z",
  "training_mean": [
    0.2546233886223546,
    0.2789033250316304,
    0.34676160801485034,
    0.3962984547327794,
    0.11177446935228617
  ],
  "model_names": [
    "sarima",
    "linear_regression",
    "ridge",
    "lasso",
    "random_forest",
    "gradient_boosting",
    "xgboost",
    "lightgbm"
  ],
  "metrics_per_model": {
    "sarima": {
      "3d": {
        "MAPE": 2.504832,
        "MAE": 0.507498,
        "RMSE": 1.061256,
        "Accuracy": 0.212101,
        "Precision": 0.0707,
        "Recall": 0.333333,
        "F1": 0.116657
      },
      "5d": {
        "MAPE": 2.704623,
        "MAE": 0.562583,
        "RMSE": 0.967348,
        "Accuracy": 0.252773,
        "Precision": 0.084258,
        "Recall": 0.333333,
        "F1": 0.134514
      },
      "7d": {
        "MAPE": 2.855675,
        "MAE": 0.650996,
        "RMSE": 1.145397,
        "Accuracy": 0.284034,
        "Precision": 0.094678,
        "Recall": 0.333333,
        "F1": 0.147469
      },
      "15d": {
        "MAPE": 2.692622,
        "MAE": 0.693799,
        "RMSE": 0.971141,
        "Accuracy": 0.43563,
        "Precision": 0.14521,
        "Recall": 0.333333,
        "F1": 0.202295
      },
      "30d": {
        "MAPE": 1.404936,
        "MAE": 0.278818,
        "RMSE": 0.512799,
        "Accuracy": 0.426218,
        "Precision": 0.142073,
        "Recall": 0.333333,
        "F1": 0.19923
      }
    },
    "linear_regression": {
      "3d": {
        "MAPE": 3.553528,
        "MAE": 0.514792,
        "RMSE": 1.014158,
        "Accuracy": 0.312269,
        "Precision": 0.449253,
        "Recall": 0.440182,
        "F1": 0.291488
      },
      "5d": {
        "MAPE": 3.51511,
        "MAE": 0.551178,
        "RMSE": 0.902915,
        "Accuracy": 0.358992,
        "Precision": 0.48905,
        "Recall": 0.430428,
        "F1": 0.321588
      },
      "7d": {
        "MAPE": 3.389922,
        "MAE": 0.602782,
        "RMSE": 1.067576,
        "Accuracy": 0.404034,
        "Precision": 0.423245,
        "Recall": 0.444146,
        "F1": 0.337005
      },
      "15d": {
        "MAPE": 2.059632,
        "MAE": 0.543072,
        "RMSE": 0.874042,
        "Accuracy": 0.584538,
        "Precision": 0.459668,
        "Recall": 0.451326,
        "F1": 0.413994
      },
      "30d": {
        "MAPE": 2.556471,
        "MAE": 0.334764,
        "RMSE": 0.520563,
        "Accuracy": 0.461176,
        "Precision": 0.445986,
        "Recall": 0.379315,
        "F1": 0.331864
      }
    },
    "ridge": {
      "3d": {
        "MAPE": 3.54509,
        "MAE": 0.514233,
        "RMSE": 1.013937,
        "Accuracy": 0.311597,
        "Precision": 0.447752,
        "Recall": 0.439541,
        "F1": 0.290608
      },
      "5d": {
        "MAPE": 3.508974,
        "MAE": 0.550686,
        "RMSE": 0.902671,
        "Accuracy": 0.358655,
        "Precision": 0.486136,
        "Recall": 0.430169,
        "F1": 0.321086
      },
      "7d": {
        "MAPE": 3.387831,
        "MAE": 0.602583,
        "RMSE": 1.067496,
        "Accuracy": 0.404034,
        "Precision": 0.423562,
        "Recall": 0.444077,
        "F1": 0.33717
      },
      "15d": {
        "MAPE": 2.059376,
        "MAE": 0.543115,
        "RMSE": 0.874048,
        "Accuracy": 0.584538,
        "Precision": 0.459194,
        "Recall": 0.451326,
        "F1": 0.414058
      },
      "30d": {
        "MAPE": 2.556092,
        "MAE": 0.334736,
        "RMSE": 0.520533,
        "Accuracy": 0.461176,
        "Precision": 0.445798,
        "Recall": 0.379315,
        "F1": 0.331868
      }
    },
    "lasso": {
      "3d": {
        "MAPE": 3.558794,
        "MAE": 0.51529,
        "RMSE": 1.014361,
        "Accuracy": 0.311933,
        "Precision": 0.450843,
        "Recall": 0.439323,
        "F1": 0.291236
      },
      "5d": {
        "MAPE": 3.506425,
        "MAE": 0.550641,
        "RMSE": 0.902645,
        "Accuracy": 0.358992,
        "Precision": 0.485496,
        "Recall": 0.430237,
        "F1": 0.321987
      },
      "7d": {
        "MAPE": 3.387309,
        "MAE": 0.602606,
        "RMSE": 1.067528,
        "Accuracy": 0.403697,
        "Precision": 0.415508,
        "Recall": 0.443867,
        "F1": 0.336266
      },
      "15d": {
        "MAPE": 2.058945,
        "MAE": 0.54329,
        "RMSE": 0.874209,
        "Accuracy": 0.58521,
        "Precision": 0.46405,
        "Recall": 0.452445,
        "F1": 0.415937
      },
      "30d": {
        "MAPE": 2.55183,
        "MAE": 0.334374,
        "RMSE": 0.520095,
        "Accuracy": 0.460504,
        "Precision": 0.442521,
        "Recall": 0.377091,
        "F1": 0.327233
      }
    },
    "random_forest": {
      "3d": {
        "MAPE": 2.788949,
        "MAE": 0.460459,
        "RMSE": 1.004321,
        "Accuracy": 0.397647,
        "Precision": 0.500568,
        "Recall": 0.524084,
        "F1": 0.388087
      },
      "5d": {
        "MAPE": 2.624098,
        "MAE": 0.488573,
        "RMSE": 0.898164,
        "Accuracy": 0.419496,
        "Precision": 0.488714,
        "Recall": 0.484088,
        "F1": 0.391942
      },
      "7d": {
        "MAPE": 2.790013,
        "MAE": 0.563571,
        "RMSE": 1.068529,
        "Accuracy": 0.449748,
        "Precision": 0.466257,
        "Recall": 0.483512,
        "F1": 0.390735
      },
      "15d": {
        "MAPE": 2.150981,
        "MAE": 0.526128,
        "RMSE": 0.860773,
        "Accuracy": 0.626555,
        "Precision": 0.511647,
        "Recall": 0.487217,
        "F1": 0.460983
      },
      "30d": {
        "MAPE": 2.447986,
        "MAE": 0.324827,
        "RMSE": 0.515122,
        "Accuracy": 0.478992,
        "Precision": 0.396678,