{"(0.8, 0.9]": 0.9451413658139374, "(0.9, 1.0]": 0.9470436113658997}