{"global_mape": 5.302451556782181, "global_direction_accuracy": 0.7288372093023255, "calibration_buckets": 2}