{
  "commodity": "dry_chillis",
  "models_used": [
    "rf",
    "xgb",
    "ridge"
  ],
  "horizons": [
    3,
    7,
    30
  ],
  "metrics": {
    "3d_rf_mae": 3.530393750706021,
    "3d_xgb_mae": 3.62101597774228,
    "3d_ridge_mae": 3.6241646289825136,
    "7d_rf_mae": 4.5868615122818195,
    "7d_xgb_mae": 4.8123542636548455,
    "7d_ridge_mae": 4.497992308593784,
    "30d_rf_mae": 7.783484471959512,
    "30d_xgb_mae": 7.116930838985725,
    "30d_ridge_mae": 6.2604170144812965
  },
  "trained_on": "2026-05-03"
}