{
  "3d": {
    "MAPE": 3.54509,
    "MAE": 0.514233,
    "RMSE": 1.013937,
    "Accuracy": 0.311597,
    "Precision": 0.447752,
    "Recall": 0.439541,
    "F1": 0.290608
  },
  "5d": {
    "MAPE": 3.508974,
    "MAE": 0.550686,
    "RMSE": 0.902671,
    "Accuracy": 0.358655,
    "Precision": 0.486136,
    "Recall": 0.430169,
    "F1": 0.321086
  },
  "7d": {
    "MAPE": 3.387831,
    "MAE": 0.602583,
    "RMSE": 1.067496,
    "Accuracy": 0.404034,
    "Precision": 0.423562,
    "Recall": 0.444077,
    "F1": 0.33717
  },
  "15d": {
    "MAPE": 2.059376,
    "MAE": 0.543115,
    "RMSE": 0.874048,
    "Accuracy": 0.584538,
    "Precision": 0.459194,
    "Recall": 0.451326,
    "F1": 0.414058
  },
  "30d": {
    "MAPE": 2.556092,
    "MAE": 0.334736,
    "RMSE": 0.520533,
    "Accuracy": 0.461176,
    "Precision": 0.445798,
    "Recall": 0.379315,
    "F1": 0.331868
  }
}