{
  "3d": {
    "MAPE": 2.504832,
    "MAE": 0.507498,
    "RMSE": 1.061256,
    "Accuracy": 0.212101,
    "Precision": 0.0707,
    "Recall": 0.333333,
    "F1": 0.116657
  },
  "5d": {
    "MAPE": 2.704623,
    "MAE": 0.562583,
    "RMSE": 0.967348,
    "Accuracy": 0.252773,
    "Precision": 0.084258,
    "Recall": 0.333333,
    "F1": 0.134514
  },
  "7d": {
    "MAPE": 2.855675,
    "MAE": 0.650996,
    "RMSE": 1.145397,
    "Accuracy": 0.284034,
    "Precision": 0.094678,
    "Recall": 0.333333,
    "F1": 0.147469
  },
  "15d": {
    "MAPE": 2.692622,
    "MAE": 0.693799,
    "RMSE": 0.971141,
    "Accuracy": 0.43563,
    "Precision": 0.14521,
    "Recall": 0.333333,
    "F1": 0.202295
  },
  "30d": {
    "MAPE": 1.404936,
    "MAE": 0.278818,
    "RMSE": 0.512799,
    "Accuracy": 0.426218,
    "Precision": 0.142073,
    "Recall": 0.333333,
    "F1": 0.19923
  }
}